{
  "bloodmagic:blood_altar_adv": {
    "x": 0.009375,
    "y": 0.12587413
  },
  "bloodmagic:incense_altar": {
    "x": 0.009375,
    "y": 0.12587413
  },
  "bloodmagic:demon_will_aura": {
    "x": 0.0109375,
    "y": 0.10789211
  },
  "bloodmagic:inversion_pillar": {
    "x": 0.009375,
    "y": 0.12587413
  },
  "bloodmagic:holding": {
    "x": 0.72,
    "y": 1.0
  },
  "bloodmagic:blood_altar": {
    "x": 0.009375,
    "y": 0.12587413
  }
}